Workbook

Sheet Report
D2: Select Vehicle Variant
D3: MAXX CITY 1.3 LX BS6.2
B5: Vehicle Price | C5: Ex-Showroom Price | D5: =IFERROR(VLOOKUP($D$3,Sheet1!$B$2:$O$45,MATCH(Report!$C5,Sheet1!$B$2:$O$2,0),0),"") -> 772700 | F5: Sr. | G5: Points
C6: TCS | D6: =IFERROR(VLOOKUP($D$3,Sheet1!$B$2:$O$45,MATCH(Report!$C6,Sheet1!$B$2:$O$2,0),0),"") -> 0 | F6: 1 | G6: as per price list insurance is mandatory
C7: Comprehensive + Zero Dep. Insurance | D7: =IFERROR(VLOOKUP($D$3,Sheet1!$B$2:$O$45,MATCH(Report!$C7,Sheet1!$B$2:$O$2,0),0),"") -> 46940 | F7: 2 | G7: There is no discount on accessories package
C8: R.T.O. Charges With Hypo. | D8: =IFERROR(VLOOKUP($D$3,Sheet1!$B$2:$O$45,MATCH(Report!$C8,Sheet1!$B$2:$O$2,0),0),"") -> 41590 | F8: 3 | G8: Vin's Above 90 Days are open for Discount - Auditor to take Tally Stock on 5th of Every month for >90 Days Stock
C9: RSA (Road Side Assistance) For 1 Year | D9: =IFERROR(VLOOKUP($D$3,Sheet1!$B$2:$O$45,MATCH(Report!$C9,Sheet1!$B$2:$O$2,0),0),"") -> 1519 | F9: 4 | G9: Price will remain the same at both showrooms
C10: SMC Road - Tax (If Applicable) | D10: =IFERROR(VLOOKUP($D$3,Sheet1!$B$2:$O$45,MATCH(Report!$C10,Sheet1!$B$2:$O$2,0),0),"") -> 19318 | F10: 5 | G10: For Camper Model Insurance in house is mandatory and in case of out house Insurance only M&M Consumer offer will be applicable
C11: MAXI CARE | D11: =IFERROR(VLOOKUP($D$3,Sheet1!$B$2:$O$45,MATCH(Report!$C11,Sheet1!$B$2:$O$2,0),0),"") -> 3500 | F11: 6 | G11: Only bulk deals of 10 or more vehicles will be considered outside the cartel
C12: Accessories | D12: =IFERROR(VLOOKUP($D$3,Sheet1!$B$2:$O$45,MATCH(Report!$C12,Sheet1!$B$2:$O$2,0),0),"") -> 12000 | F12: 7 | G12: VIN 2024 vehicles are not part of Discount adherance
C13: ON ROAD PRICE With SMC Road Tax | D13: =IFERROR(VLOOKUP($D$3,Sheet1!$B$2:$O$45,MATCH(Report!$C13,Sheet1!$B$2:$O$2,0),0),"") -> 897566
C14: ON ROAD PRICE Without SMC Road Tax | D14: =IFERROR(VLOOKUP($D$3,Sheet1!$B$2:$O$45,MATCH(Report!$C14,Sheet1!$B$2:$O$2,0),0),"") -> 878249
B15: VIN 2025 | C15: M&M Scheme with GST | D15: =IFERROR(VLOOKUP($D$3,Sheet1!$B$2:$O$45,MATCH(Report!$C15,Sheet1!$B$2:$O$2,0),0),"") -> 35000
C16: Dealer Contribution with GST | D16: =IFERROR(VLOOKUP($D$3,Sheet1!$B$2:$O$45,MATCH(Report!$C16,Sheet1!$B$2:$O$2,0),0),"")
C17: Total Scheme with GST (M&M + Dealer) | D17: =IFERROR(VLOOKUP($D$3,Sheet1!$B$2:$O$45,MATCH(Report!$C17,Sheet1!$B$2:$O$2,0),0),"")
C18: Dealer Offer | D18: =IFERROR(VLOOKUP($D$3,Sheet1!$B$2:$O$45,MATCH(Report!$C18,Sheet1!$B$2:$O$2,0),0),"") -> 35K + 12K Accessories + RSA FREE
C19: Exchange Offer | D19: =IFERROR(VLOOKUP($D$3,Sheet1!$B$2:$O$45,MATCH(Report!$C19,Sheet1!$B$2:$O$2,0),0),"") -> 35000

Sheet Sheet1
A1: MODEL & VARIANT | C1: VEHICLE PRICE | M1: NOV-2025 VIN 2025
A2: Model Name | B2: Variant | C2: Ex-Showroom Price | D2: TCS | E2: Comprehensive + Zero Dep. Insurance | F2: R.T.O. Charges With Hypo. | G2: RSA (Road Side Assistance) For 1 Year | H2: SMC Road - Tax (If Applicable) | I2: MAXI CARE | J2: Accessories | K2: ON ROAD PRICE With SMC Road Tax | L2: ON ROAD PRICE Without SMC Road Tax | M2: M&M Scheme with GST | N2: Dealer Offer | O2: Exchange Offer
A3: BOL MAXX PUP CITY 1.3 LX | B3: MAXX CITY 1.3 LX BS6.2 | C3: {=VLOOKUP(A3,'[1]Price List'!$B$1:$L$35,{2,3,4,5,6,7,8,9,10,11},FALSE)} -> 772700 | D3: 0 | E3: 46940 | F3: 41590 | G3: 1519 | H3: 19318 | I3: 3500 | J3: 12000 | K3: 897566 | L3: 878249 | M3: =VLOOKUP(B3,[2]Page001!$B$1:$C$67,2,FALSE) -> 35000 | N3: 35K + 12K Accessories + RSA FREE | O3: 35000
A4: BOL MAXX PUP CITY 1.3 LX CBC | B4: MAXX CITY 1.3 LX CBC BS6.2 | C4: {=VLOOKUP(A4,'[1]Price List'!$B$1:$L$35,{2,3,4,5,6,7,8,9,10,11},FALSE)} -> 763499 | D4: 0 | E4: 46629 | F4: 41722 | G4: 1519 | H4: 19087 | I4: 3500 | J4: 12000 | K4: 887956 | L4: 868869 | M4: =VLOOKUP(B4,[2]Page001!$B$1:$C$67,2,FALSE) -> 35000 | N4: 35K + 12K Accessories + RSA FREE | O4: 35000
A5: BOL MAXX PUP CITY 1.3 MXD | B5: MAXX CITY 1.3 MXi BS6.2 | C5: {=VLOOKUP(A5,'[1]Price List'!$B$1:$L$35,{2,3,4,5,6,7,8,9,10,11},FALSE)} -> 795600 | D5: 0 | E5: 47715 | F5: 42754 | G5: 1519 | H5: 19890 | I5: 3500 | J5: 12000 | K5: 922978 | L5: 903088 | M5: =VLOOKUP(B5,[2]Page001!$B$1:$C$67,2,FALSE) -> 35000 | N5: 35K + 12K Accessories + RSA FREE | O5: 35000
A6: BOL MAXX PUP CITY 1.3 SXI AC | B6: MAXX CITY 1.3 SXi AC - BS6.2 | C6: {=VLOOKUP(A6,'[1]Price List'!$B$1:$L$35,{2,3,4,5,6,7,8,9,10,11},FALSE)} -> 800199 | D6: 0 | E6: 47869 | F6: 42988 | G6: 1519 | H6: 20005 | I6: 3500 | J6: 12000 | K6: 928080 | L6: 908075 | M6: =VLOOKUP(B6,[2]Page001!$B$1:$C$67,2,FALSE) -> 35000 | N6: 35K + 12K Accessories + RSA FREE | O6: 35000
A7: BOL MAXX PUP CITY 1.3 VXID AC | B7: MAXX CITY 1.3 VXi AC - BS6.2 | C7: {=VLOOKUP(A7,'[1]Price List'!$B$1:$L$35,{2,3,4,5,6,7,8,9,10,11},FALSE)} -> 809400 | D7: 0 | E7: 48178 | F7: 43456 | G7: 1519 | H7: 20235 | I7: 3500 | J7: 12000 | K7: 938288 | L7: 918053 | M7: =VLOOKUP(B7,[2]Page001!$B$1:$C$67,2,FALSE) -> 35000 | N7: 35K + 12K Accessories + RSA FREE | O7: 35000
A8: BOL MAXX PUP CITY 1.3 VXID | B8: MAXX CITY 1.3 VXi BS6.2 | C8: {=VLOOKUP(A8,'[1]Price List'!$B$1:$L$35,{2,3,4,5,6,7,8,9,10,11},FALSE)} -> 791000 | D8: 0 | E8: 47343 | F8: 42520 | G8: 1519 | H8: 19775 | I8: 3500 | J8: 12000 | K8: 917657 | L8: 897882 | M8: =VLOOKUP(B8,[2]Page001!$B$1:$C$67,2,FALSE) -> 35000 | N8: 35K + 12K Accessories + RSA FREE | O8: 35000
A9: BOL MAXX PUP CITY LX CNG | B9: MAXX CITY LX CNG BS6.2 | C9: {=VLOOKUP(A9,'[1]Price List'!$B$1:$L$35,{2,3,4,5,6,7,8,9,10,11},FALSE)} -> 793900 | D9: 0 | E9: 47658 | F9: 42668 | G9: 1519 | H9: 11909 | I9: 3500 | J9: 12000 | K9: 913153 | L9: 901245 | M9: =VLOOKUP(B9,[2]Page001!$B$1:$C$67,2,FALSE) -> 65000 | N9: 100% INSURANCE + 100% RTO + RSA FREE | O9: 35000
A10: BOL MAXX PUP HD 1.3 LX | B10: MAXX HD 1.3 LX BS6.2 | C10: {=VLOOKUP(A10,'[1]Price List'!$B$1:$L$35,{2,3,4,5,6,7,8,9,10,11},FALSE)} -> 916700 | D10: 0 | E10: 50714 | F10: 48912 | G10: 1519 | H10: 22918 | I10: 3500 | J10: 12000 | K10: 1056262 | L10: 1033345 | M10: =VLOOKUP(B10,[2]Page001!$B$1:$C$67,2,FALSE) -> 18000 | N10: MODEL NOT SPECIFIED | O10: 35000
A11: BOL MAXX PUP HD 1.3 VXID AC | B11: MAXX HD 1.3 VXi AC - BS6.2 | C11: {=VLOOKUP(A11,'[1]Price List'!$B$1:$L$35,{2,3,4,5,6,7,8,9,10,11},FALSE)} -> 962600 | D11: 0 | E11: 52213 | F11: 51246 | G11: 1519 | H11: 24065 | I11: 3500 | J11: 12000 | K11: 1107143 | L11: 1083078 | M11: =VLOOKUP(B11,[2]Page001!$B$1:$C$67,2,FALSE) -> 23000 | N11: MODEL NOT SPECIFIED | O11: 35000
A12: BOL MAXX PUP HD 1.7 LX | B12: MAXX HD 1.7 LX BS6.2 | C12: {=VLOOKUP(A12,'[1]Price List'!$B$1:$L$35,{2,3,4,5,6,7,8,9,10,11},FALSE)} -> 926900 | D12: 0 | E12: 51048 | F12: 49781 | G12: 1519 | H12: 23173 | I12: 3500 | J12: 12000 | K12: 1067920 | L12: 1044748 | M12: =VLOOKUP(B12,[2]Page001!$B$1:$C$67,2,FALSE) -> 26000 | N12: 26K + 12K Accessories + RSA FREE | O12: 35000
A13: BOL MAXX PUP HD 1.7 LX CBC | B13: MAXX HD 1.7 LX CBC BS6.2 | C13: {=VLOOKUP(A13,'[1]Price List'!$B$1:$L$35,{2,3,4,5,6,7,8,9,10,11},FALSE)} -> 902000 | D13: 0 | E13: 50233 | F13: 49114 | G13: 1519 | H13: 22550 | I13: 3500 | J13: 12000 | K13: 1040916 | L13: 1018366 | M13: =VLOOKUP(B13,[2]Page001!$B$1:$C$67,2,FALSE) -> 26000 | N13: 26K + 12K Accessories + RSA FREE | O13: 35000
A14: BOL MAXX PUP HD 1.7 MX | B14: MAXX HD 1.7 MXi BS6.2 | C14: {=VLOOKUP(A14,'[1]Price List'!$B$1:$L$35,{2,3,4,5,6,7,8,9,10,11},FALSE)} -> 954400 | D14: 0 | E14: 51947 | F14: 51179 | G14: 1519 | H14: 23860 | I14: 3500 | J14: 12000 | K14: 1098404 | L14: 1074544 | M14: =VLOOKUP(B14,[2]Page001!$B$1:$C$67,2,FALSE) -> 32000 | N14: 32K + 12K Accessories + RSA FREE | O14: 35000
... A36: BOL PIK UP FB 1.3T - BS6.2 - PS AC | B36: BOL PIK UP FB 1.3T - BS6.2 - PS AC | C36: {=VLOOKUP(A36,'[1]Price List'!$B$1:$L$35,{2,3,4,5,6,7,8,9,10,11},FALSE)} -> 985700 | D36: 0 | E36: 52969 | F36: 52420 | G36: 1519 | H36: 24643 | I36: 3500 | J36: 12000 | K36: 1132751 | L36: 1108108 | M36: =VLOOKUP(B36,[2]Page001!$B$1:$C$67,2,FALSE) -> 20000 | N36: 20K + 12K Accessories + RSA FREE | O36: 35000

Sheet MasterData
A1: Variant | C1: Data Validation Prep.
A2: MAXX CITY 1.3 LX BS6.2 | C2: {=TRANSPOSE(_xlfn._xlws.SORT(_xlfn._xlws.FILTER(Vehicle_Model[Variant],ISNUMBER(SEARCH(Report!D3,Vehicle_Model[Variant])),"Not Found")))} -> MAXX CITY 1.3 LX BS6.2
A3: MAXX CITY 1.3 LX CBC BS6.2
A4: MAXX CITY 1.3 MXi BS6.2
A5: MAXX CITY 1.3 SXi AC - BS6.2
A6: MAXX CITY 1.3 VXi AC - BS6.2
A7: MAXX CITY 1.3 VXi BS6.2
A8: MAXX CITY LX CNG BS6.2
A9: MAXX HD 1.3 LX BS6.2
A10: MAXX HD 1.3 VXi AC - BS6.2
A11: MAXX HD 1.7 LX BS6.2
A12: MAXX HD 1.7 LX CBC BS6.2
A13: MAXX HD 1.7 MXi BS6.2
A14: MAXX HD 1.7 VXi AC - BS6.2
... A35: BOL PIK UP FB 1.3T - BS6.2 - PS AC
